Date,Open,High,Low,Close,Volume,Dividends,Stock Splits
5/31/2019,1790.01001,1795.589966,1772.699951,1775.069946,4618800,0,0
6/3/2019,1760.01001,1766.290039,1672,1692.689941,9098700,0,0
6/4/2019,1699.23999,1730.819946,1680.890015,1729.560059,5679100,0,0
6/5/2019,1749.599976,1752,1715.25,1738.5,4239800,0,0
6/6/2019,1737.709961,1760,1726.130005,1754.359985,3689300,0,0
6/7/2019,1763.699951,1806.25,1759.48999,1804.030029,4808200,0,0
6/10/2019,1822,1884.869995,1818,1860.630005,5371000,0,0
6/11/2019,1883.25,1893.699951,1858,1863.699951,4042700,0,0
6/12/2019,1853.97998,1865,1844.380005,1855.319946,2678300,0,0
6/13/2019,1866.719971,1883.089966,1862.219971,1870.300049,2795800,0,0
6/14/2019,1864,1876,1859,1869.670044,2851200,0,0
6/17/2019,1876.5,1895.689941,1875.449951,1886.030029,2634300,0,0
6/18/2019,1901.349976,1921.670044,1899.790039,1901.369995,3895700,0,0
6/19/2019,1907.839966,1919.579956,1892.469971,1908.790039,2895300,0,0
6/20/2019,1933.329956,1935.199951,1905.800049,1918.189941,3217200,0,0
6/21/2019,1916.099976,1925.949951,1907.579956,1911.300049,3933600,0,0
6/24/2019,1912.660034,1916.859985,1901.300049,1913.900024,2283000,0,0
6/25/2019,1911.839966,1916.390015,1872.420044,1878.27002,3012300,0,0
6/26/2019,1892.47998,1903.800049,1887.319946,1897.829956,2441900,0,0
6/27/2019,1902,1911.23999,1898.040039,1904.280029,2141700,0,0
6/28/2019,1909.099976,1912.939941,1884,1893.630005,3037400,0,0
7/1/2019,1922.97998,1929.819946,1914.660034,1922.189941,3192100,0,0
7/2/2019,1919.380005,1934.790039,1906.630005,1934.310059,2645900,0,0
7/3/2019,1935.890015,1941.589966,1930.5,1939,1690300,0,0
7/5/2019,1928.599976,1945.900024,1925.300049,1942.910034,2628400,0,0
7/8/2019,1934.119995,1956,1928.25,1952.319946,2883400,0,0
7/9/2019,1947.800049,1990.01001,1943.47998,1988.300049,4345700,0,0
7/10/2019,1996.51001,2024.939941,1995.400024,2017.410034,4931900,0,0
7/11/2019,2025.619995,2035.800049,1995.300049,2001.069946,4317800,0,0
7/12/2019,2008.27002,2017,2003.869995,2011,2509300,0,0
7/15/2019,2021.400024,2022.900024,2001.550049,2020.98999,2981300,0,0
7/16/2019,2010.579956,2026.319946,2001.219971,2009.900024,2618200,0,0
7/17/2019,2007.050049,2012,1992.030029,1992.030029,2558800,0,0
7/18/2019,1980.01001,1987.5,1951.550049,1977.900024,3486900,0,0
7/19/2019,1991.209961,1996,1962.22998,1964.52002,3185600,0,0
7/22/2019,1971.140015,1989,1958.26001,1985.630005,2900000,0,0
7/23/2019,1995.98999,1997.790039,1973.130005,1994.48999,2703500,0,0
7/24/2019,1969.300049,2001.300049,1965.869995,2000.810059,2631300,0,0
7/25/2019,2001,2001.199951,1972.719971,1973.819946,4136500,0,0
7/26/2019,1942,1950.900024,1924.51001,1943.050049,4927100,0,0
7/29/2019,1930,1932.22998,1890.540039,1912.449951,4493200,0,0
7/30/2019,1891.119995,1909.890015,1883.47998,1898.530029,2910900,0,0
7/31/2019,1898.109985,1899.550049,1849.439941,1866.780029,4470700,0,0
8/1/2019,1871.719971,1897.920044,1844.01001,1855.319946,4713300,0,0
8/2/2019,1845.069946,1846.359985,1808.02002,1823.23999,4956200,0,0
8/5/2019,1770.219971,1788.670044,1748.780029,1765.130005,6058200,0,0
8/6/2019,1792.22998,1793.77002,1753.400024,1787.829956,5070300,0,0
8/7/2019,1773.98999,1798.930054,1757,1793.400024,4526900,0,0
8/8/2019,1806,1834.26001,1798.109985,1832.890015,3701200,0,0
8/9/2019,1828.949951,1831.089966,1802.219971,1807.579956,2879800,0,0
8/12/2019,1795.98999,1800.97998,1777,1784.920044,2905500,0,0
8/13/2019,1783,1831.73999,1780,1824.339966,3994000,0,0
8/14/2019,1793.01001,1795.650024,1757.219971,1762.959961,4893600,0,0
8/15/2019,1781.98999,1788,1761.959961,1776.119995,3759100,0,0
8/16/2019,1792.890015,1802.910034,1784.550049,1792.569946,3018000,0,0
8/19/2019,1818.079956,1826,1812.609985,1816.119995,2816300,0,0
8/20/2019,1814.5,1816.819946,1799.880005,1801.380005,1929500,0,0
8/21/2019,1819.390015,1829.579956,1815,1823.540039,2031800,0,0
8/22/2019,1828,1829.410034,1800.099976,1804.660034,2653500,0,0
8/23/2019,1793.030029,1804.900024,1745.22998,1749.619995,5270800,0,0
8/26/2019,1766.910034,1770,1743.51001,1768.869995,3080000,0,0
8/27/2019,1775.72998,1779.400024,1746.680054,1761.829956,3019700,0,0
8/28/2019,1755,1767.859985,1744.050049,1764.25,2419700,0,0
8/29/2019,1783,1798.550049,1777.25,1786.400024,3015100,0,0
8/30/2019,1797.48999,1799.73999,1764.569946,1776.290039,3058700,0,0
9/3/2019,1770,1800.800049,1768,1789.839966,3543000,0,0
9/4/2019,1805,1807.630005,1796.22998,1800.619995,2324100,0,0
9/5/2019,1821.949951,1842,1815.579956,1840.719971,3310800,0,0
9/6/2019,1838.219971,1840.650024,1826.400024,1833.51001,2496900,0,0
9/9/2019,1841,1850,1824.609985,1831.349976,2999500,0,0
9/10/2019,1822.75,1825.810059,1805.339966,1820.550049,2613900,0,0
9/11/2019,1812.140015,1833.420044,1809.079956,1822.98999,2432800,0,0
9/12/2019,1837.630005,1853.660034,1834.280029,1843.550049,2823500,0,0
9/13/2019,1842.01001,1846.119995,1835.170044,1839.339966,1971300,0,0
9/16/2019,1824.02002,1825.689941,1800.199951,1807.839966,3675500,0,0
9/17/2019,1807.079956,1823.98999,1804.099976,1822.550049,1982400,0,0
9/18/2019,1817.040039,1822.060059,1795.5,1817.459961,2505600,0,0
9/19/2019,1821.02002,1832.569946,1817.900024,1821.5,2031500,0,0
9/20/2019,1821.709961,1830.630005,1780.920044,1794.160034,5341900,0,0
9/23/2019,1777,1792.699951,1767.319946,1785.300049,2922300,0,0
9/24/2019,1790.609985,1795.709961,1735.550049,1741.609985,4616000,0,0
9/25/2019,1747.359985,1773,1723,1768.329956,3493200,0,0
9/26/2019,1762.790039,1763.369995,1731.5,1739.839966,3536800,0,0
9/27/2019,1748,1749.119995,1713.819946,1725.449951,3907200,0,0
9/30/2019,1726.98999,1737.459961,1709.219971,1735.910034,2644700,0,0
10/1/2019,1746,1755.599976,1728.410034,1735.650024,3084500,0,0
10/2/2019,1727.73999,1728.890015,1705,1713.22998,3301100,0,0
10/3/2019,1713,1725,1685.060059,1724.420044,3468200,0,0
10/4/2019,1726.02002,1740.579956,1719.22998,1739.650024,2471900,0,0
10/7/2019,1731.630005,1747.829956,1723.699951,1732.660034,2154700,0,0
10/8/2019,1722.48999,1727,1705,1705.51001,2542000,0,0
10/9/2019,1719.609985,1729.949951,1714.359985,1721.98999,2043500,0,0
10/10/2019,1725.23999,1738.290039,1713.75,1720.26001,2575200,0,0
10/11/2019,1742.920044,1745.449951,1729.859985,1731.920044,3255000,0,0
10/14/2019,1728.910034,1741.890015,1722,1736.430054,1910200,0,0
10/15/2019,1742.140015,1776.449951,1740.619995,1767.380005,3111700,0,0
10/16/2019,1773.329956,1786.23999,1770.52002,1777.430054,2763400,0,0
10/17/2019,1796.48999,1798.849976,1782.02002,1787.47998,2647400,0,0
10/18/2019,1787.800049,1793.97998,1749.199951,1757.51001,3362500,0,0
10/21/2019,1769.660034,1785.880005,1765,1785.660034,2130400,0,0
10/22/2019,1788.150024,1789.780029,1762,1765.72998,2111700,0,0
10/23/2019,1761.300049,1770.050049,1742,1762.170044,2138200,0,0
10/24/2019,1771.089966,1788.339966,1760.27002,1780.780029,4446100,0,0
10/25/2019,1697.550049,1764.209961,1695,1761.329956,9626400,0,0
10/28/2019,1748.060059,1778.699951,1742.5,1777.079956,3708900,0,0
10/29/2019,1774.810059,1777,1755.810059,1762.709961,2276900,0,0
10/30/2019,1760.23999,1782.380005,1759.119995,1779.98999,2449400,0,0
10/31/2019,1775.98999,1792,1771.47998,1776.660034,2781200,0,0
11/1/2019,1788.01001,1797.449951,1785.209961,1791.439941,2790400,0,0
11/4/2019,1801.01001,1815.060059,1801.01001,1804.660034,2771900,0,0
11/5/2019,1809.160034,1810.25,1794,1801.709961,1885500,0,0
11/6/2019,1801,1802.5,1788.579956,1795.77002,2029800,0,0
11/7/2019,1803.76001,1805.900024,1783.47998,1788.199951,2651100,0,0
11/8/2019,1787.890015,1789.880005,1774.040039,1785.880005,2123300,0,0
11/11/2019,1778,1780,1767.130005,1771.650024,1946000,0,0
11/12/2019,1774.660034,1786.219971,1771.910034,1778,2037600,0,0
11/13/2019,1773.390015,1775,1747.319946,1753.109985,2989500,0,0
11/14/2019,1751.430054,1766.589966,1749.560059,1754.599976,2264800,0,0
11/15/2019,1760.050049,1761.680054,1732.859985,1739.48999,3927600,0,0
11/18/2019,1738.300049,1753.699951,1722.709961,1752.530029,2839500,0,0
11/19/2019,1756.98999,1760.680054,1743.030029,1752.790039,2270800,0,0
11/20/2019,1749.140015,1762.52002,1734.119995,1745.530029,2790000,0,0
11/21/2019,1743,1746.869995,1730.359985,1734.709961,2662900,0,0
11/22/2019,1739.02002,1746.430054,1731,1745.719971,2479100,0,0
11/25/2019,1753.25,1777.420044,1753.23999,1773.839966,3486200,0,0
11/26/2019,1779.920044,1797.030029,1778.349976,1796.939941,3181200,0,0
11/27/2019,1801,1824.5,1797.310059,1818.51001,3025600,0,0
11/29/2019,1817.780029,1824.689941,1800.790039,1800.800049,1923400,0,0
12/2/2019,1804.400024,1805.550049,1762.680054,1781.599976,3925600,0,0
12/3/2019,1760,1772.869995,1747.22998,1769.959961,3380900,0,0
12/4/2019,1774.01001,1789.089966,1760.219971,1760.689941,2670100,0,0
12/5/2019,1763.5,1763.5,1740,1740.47998,2823800,0,0
12/6/2019,1751.199951,1754.400024,1740.130005,1751.599976,3117400,0,0
12/9/2019,1750.660034,1766.890015,1745.609985,1749.51001,2442800,0,0
12/10/2019,1747.400024,1750.670044,1735,1739.209961,2514300,0,0
12/11/2019,1741.670044,1750,1735.709961,1748.719971,2097600,0,0
12/12/2019,1750,1764,1745.439941,1760.329956,3095900,0,0
12/13/2019,1765,1768.98999,1755,1760.939941,2745700,0,0
12/16/2019,1767,1769.5,1757.050049,1769.209961,3145200,0,0
12/17/2019,1778.01001,1792,1777.390015,1790.660034,3644400,0,0
12/18/2019,1795.02002,1798.199951,1782.359985,1784.030029,3351400,0,0
12/19/2019,1780.5,1792.98999,1774.060059,1792.280029,2652800,0,0
12/20/2019,1799.619995,1802.969971,1782.449951,1786.5,5150800,0,0
12/23/2019,1788.26001,1793,1784.51001,1793,2136400,0,0
12/24/2019,1793.810059,1795.569946,1787.579956,1789.209961,881300,0,0
12/26/2019,1801.01001,1870.459961,1799.5,1868.77002,6005400,0,0
12/27/2019,1882.920044,1901.400024,1866.01001,1869.800049,6186600,0,0
12/30/2019,1874,1884,1840.619995,1846.890015,3674700,0,0
12/31/2019,1842,1853.26001,1832.22998,1847.839966,2506500,0,0
1/2/2020,1875,1898.01001,1864.150024,1898.01001,4029000,0,0
1/3/2020,1864.5,1886.199951,1864.5,1874.969971,3764400,0,0
1/6/2020,1860,1903.689941,1860,1902.880005,4061800,0,0
1/7/2020,1904.5,1913.890015,1892.040039,1906.859985,4044900,0,0
1/8/2020,1898.040039,1911,1886.439941,1891.969971,3508000,0,0
1/9/2020,1909.890015,1917.819946,1895.800049,1901.050049,3167300,0,0
1/10/2020,1905.369995,1906.939941,1880,1883.160034,2853700,0,0
1/13/2020,1891.310059,1898,1880.800049,1891.300049,2780800,0,0
1/14/2020,1885.880005,1887.109985,1858.550049,1869.439941,3440900,0,0
1/15/2020,1872.25,1878.859985,1855.089966,1862.02002,2896600,0,0
1/16/2020,1882.98999,1885.589966,1866.02002,1877.939941,2659500,0,0
1/17/2020,1885.890015,1886.640015,1857.25,1864.719971,3997300,0,0
1/21/2020,1865,1894.27002,1860,1892,3707800,0,0
1/22/2020,1896.089966,1902.5,1883.339966,1887.459961,3216300,0,0
1/23/2020,1885.109985,1889.97998,1872.76001,1884.579956,2484600,0,0
1/24/2020,1891.369995,1894.98999,1847.439941,1861.640015,3766200,0,0
1/27/2020,1820,1841,1815.339966,1828.339966,3528500,0,0
1/28/2020,1840.5,1858.109985,1830.02002,1853.25,2808000,0,0
1/29/2020,1864,1874.75,1855.02002,1858,2088000,0,0
1/30/2020,1858,1872.869995,1850.609985,1870.680054,6327400,0,0
1/31/2020,2051.469971,2055.719971,2002.27002,2008.719971,15567300,0,0
2/3/2020,2010.599976,2048.5,2000.25,2004.199951,5891700,0,0
2/4/2020,2029.880005,2059.800049,2015.369995,2049.669922,5289300,0,0
2/5/2020,2071.02002,2071.02002,2032,2039.869995,4376200,0,0
2/6/2020,2041.02002,2056.300049,2024.800049,2050.22998,3183000,0,0
2/7/2020,2041.98999,2098.530029,2038.099976,2079.280029,5095300,0,0
2/10/2020,2085.01001,2135.600098,2084.959961,2133.909912,5056200,0,0
2/11/2020,2150.899902,2185.949951,2136,2150.800049,5746000,0,0
2/12/2020,2163.199951,2180.25,2155.290039,2160,3334300,0,0
2/13/2020,2144.98999,2170.280029,2142,2149.870117,3031800,0,0
2/14/2020,2155.679932,2159.040039,2125.889893,2134.870117,2606200,0,0
2/18/2020,2125.02002,2166.070068,2124.110107,2155.669922,2945600,0,0
2/19/2020,2167.800049,2185.100098,2161.120117,2170.219971,2561200,0,0
2/20/2020,2173.070068,2176.790039,2127.449951,2153.100098,3131300,0,0
2/21/2020,2142.149902,2144.550049,2088,2095.969971,4646300,0,0
2/24/2020,2003.180054,2039.300049,1987.969971,2009.290039,6547000,0,0
2/25/2020,2026.420044,2034.599976,1958.420044,1972.73999,6219100,0,0
2/26/2020,1970.280029,2014.670044,1960.449951,1979.589966,5224600,0,0
2/27/2020,1934.380005,1975,1882.76001,1884.300049,8144000,0,0
2/28/2020,1814.630005,1889.76001,1811.130005,1883.75,9481000,0,0
3/2/2020,1906.48999,1954.51001,1870,1953.949951,6761700,0,0
3/3/2020,1975.369995,1996.329956,1888.089966,1908.98999,7534500,0,0
3/4/2020,1946.569946,1978,1922,1975.829956,4772900,0,0
3/5/2020,1933,1960.719971,1910,1924.030029,4748200,0,0
3/6/2020,1875,1910.869995,1869.5,1901.089966,5273600,0,0
3/9/2020,1773.859985,1862.77002,1761.290039,1800.609985,7813200,0,0
3/10/2020,1870.880005,1894.27002,1818.170044,1891.819946,7133300,0,0
3/11/2020,1857.849976,1871.319946,1801.5,1820.859985,5624800,0,0
3/12/2020,1721.97998,1765,1675,1676.609985,11346200,0,0
3/13/2020,1755,1786.310059,1680.619995,1785,8809700,0,0
3/16/2020,1641.51001,1759.449951,1626.030029,1689.150024,8917300,0,0
3/17/2020,1775.469971,1857.780029,1689.23999,1807.839966,10917100,0,0
3/18/2020,1750,1841.660034,1745,1830,9645200,0,0
3/19/2020,1860,1945,1832.650024,1880.930054,10399900,0,0
3/20/2020,1926.310059,1957,1820.72998,1846.089966,9817900,0,0
3/23/2020,1827.75,1919.400024,1812,1902.829956,7808500,0,0
3/24/2020,1951.5,1955,1900.339966,1940.099976,7147100,0,0
3/25/2020,1920.689941,1950.26001,1885.780029,1885.839966,6479100,0,0
3/26/2020,1902,1956.48999,1889.290039,1955.48999,6221300,0,0
3/27/2020,1930.859985,1939.790039,1899.920044,1900.099976,5387900,0,0
3/30/2020,1922.829956,1973.630005,1912.339966,1963.949951,6126100,0,0
3/31/2020,1964.349976,1993.02002,1944.01001,1949.719971,5123600,0,0
4/1/2020,1932.969971,1944.959961,1893,1907.699951,4121900,0,0
4/2/2020,1901.640015,1927.530029,1890,1918.829956,4336000,0,0
4/3/2020,1911.150024,1926.329956,1889.150024,1906.589966,3609900,0,0
4/6/2020,1936,1998.52002,1930.02002,1997.589966,5773200,0,0
4/7/2020,2017.109985,2035.719971,1997.619995,2011.599976,5114000,0,0
4/8/2020,2021,2044,2011.150024,2043,3977300,0,0
4/9/2020,2044.300049,2053,2017.660034,2042.76001,4646500,0,0
4/13/2020,2040,2180,2038,2168.870117,6716700,0,0
4/14/2020,2200.469971,2292,2186.209961,2283.320068,8087200,0,0
4/15/2020,2257.679932,2333.370117,2245,2307.679932,6866600,0,0
4/16/2020,2346,2461,2335,2408.189941,12038200,0,0
4/17/2020,2372.330078,2400,2316.02002,2375,7930000,0,0
4/20/2020,2389.949951,2444.97998,2386.050049,2393.610107,5770700,0,0
4/21/2020,2416.610107,2428.310059,2279.659912,2328.120117,7476700,0,0
4/22/2020,2369,2394,2351,2363.48999,4212200,0,0
4/23/2020,2399.97998,2424.219971,2382.080078,2399.449951,5066600,0,0
4/24/2020,2417,2420.429932,2382,2410.219971,3824900,0,0
4/27/2020,2443.199951,2444.879883,2363,2376,5645600,0,0
4/28/2020,2372.100098,2373.5,2306,2314.080078,5269400,0,0
4/29/2020,2330.01001,2391.889893,2310,2372.709961,4591600,0,0
4/30/2020,2419.840088,2475,2396.01001,2474,9534600,0,0
5/1/2020,2336.800049,2362.439941,2258.189941,2286.040039,9772600,0,0
5/4/2020,2256.379883,2326.97998,2256.379883,2315.98999,4865900,0,0
5/5/2020,2340,2351,2307.129883,2317.800049,3242500,0,0
5/6/2020,2329.439941,2357.449951,2320,2351.26001,3117800,0,0
5/7/2020,2374.780029,2376,2343.110107,2367.610107,3396400,0,0
5/8/2020,2372.139893,2387.23999,2357,2379.610107,3206600,0,0
5/11/2020,2374.699951,2419.669922,2372.110107,2409,3259200,0,0
5/12/2020,2411.850098,2419,2355,2356.949951,3074900,0,0
5/13/2020,2366.800049,2407.699951,2337.800049,2367.919922,4782900,0,0
5/14/2020,2361.01001,2391.370117,2353.209961,2388.850098,3648100,0,0
5/15/2020,2368.52002,2411,2356.370117,2409.780029,4235000,0,0
5/18/2020,2404.350098,2433,2384.01001,2426.26001,4357200,0,0
5/19/2020,2429.830078,2485,2428.969971,2449.330078,4320500,0,0
5/20/2020,2477.870117,2500.01001,2467.27002,2497.939941,3998100,0,0
5/21/2020,2500,2525.449951,2442.540039,2446.73999,5114400,0,0
5/22/2020,2455.01001,2469.850098,2430.129883,2436.879883,2867100,0,0
5/26/2020,2458,2462,2414.060059,2421.860107,3568200,0,0
5/27/2020,2404.98999,2413.580078,2330,2410.389893,5056900,0,0
5/28/2020,2384.330078,2436.969971,2378.22998,2401.100098,3190200,0,0
5/29/2020,2415.939941,2442.370117,2398.199951,2442.370117,3509900,0,0
6/1/2020,2448,2476.929932,2444.169922,2471.040039,2928900,0,0
6/2/2020,2467,2473.530029,2445.310059,2472.409912,2529900,0,0
6/3/2020,2468.01001,2488,2461.169922,2478.399902,2671000,0,0
6/4/2020,2477.429932,2507.540039,2450.01001,2460.600098,2948700,0,0
6/5/2020,2444.51001,2488.649902,2437.129883,2483,3306400,0,0
6/8/2020,2500.199951,2530,2487.340088,2524.060059,3970700,0,0
6/9/2020,2529.439941,2626.429932,2525,2600.860107,5176000,0,0
6/10/2020,2645,2722.350098,2626.26001,2647.449951,4946000,0,0
6/11/2020,2603.5,2671.379883,2536.22998,2557.959961,5800100,0,0
6/12/2020,2601.209961,2621.47998,2503.350098,2545.02002,5436100,0,0
6/15/2020,2526.600098,2584,2508,2572.679932,3865100,0,0
6/16/2020,2620,2620,2576,2615.27002,3585600,0,0
6/17/2020,2647.5,2655,2631.820068,2640.97998,2959300,0,0
6/18/2020,2647.01001,2659.639893,2636.110107,2653.97998,2487800,0,0
6/19/2020,2678.080078,2697.429932,2659,2675.01001,5777000,0,0
6/22/2020,2684.5,2715,2669,2713.820068,3208800,0,0
6/23/2020,2726.02002,2783.110107,2718.040039,2764.409912,4231700,0,0
6/24/2020,2780,2796,2721,2734.399902,4526600,0,0
6/25/2020,2739.550049,2756.22998,2712.139893,2754.580078,2968700,0,0
6/26/2020,2775.060059,2782.570068,2688,2692.870117,6500800,0,0
6/29/2020,2690.01001,2696.800049,2630.080078,2680.379883,4223400,0,0
6/30/2020,2685.070068,2769.629883,2675.030029,2758.820068,3769700,0,0
7/1/2020,2757.98999,2895,2754,2878.699951,6363400,0,0
7/2/2020,2912.01001,2955.560059,2871.100098,2890.300049,6593400,0,0
7/6/2020,2934.969971,3059.879883,2930,3057.040039,6880600,0,0
7/7/2020,3058.550049,3069.550049,2990,3000.120117,5257500,0,0
7/8/2020,3022.610107,3083.969971,3012.429932,3081.110107,5037600,0,0
7/9/2020,3115.98999,3193.879883,3074,3182.629883,6388700,0,0
7/10/2020,3191.76001,3215,3135.699951,3200,5486000,0,0
7/13/2020,3251.060059,3344.290039,3068.389893,3104,7720400,0,0
7/14/2020,3089,3127.379883,2950,3084,7231900,0,0
7/15/2020,3080.22998,3098.350098,2973.179932,3008.870117,5788900,0,0
7/16/2020,2971.060059,3032,2918.22998,2999.899902,6394200,0,0
7/17/2020,3009,3024,2948.449951,2961.969971,4761300,0,0
7/20/2020,3000.199951,3201.360107,2994.02002,3196.840088,7598200,0,0
7/21/2020,3232.48999,3240.580078,3105.719971,3138.290039,6121300,0,0
7/22/2020,3125,3150,3065.26001,3099.909912,4104200,0,0
7/23/2020,3098.27002,3098.27002,2970,2986.550049,5656900,0,0
7/24/2020,2930,3031.580078,2888,3008.909912,5632400,0,0
7/27/2020,3062,3098,3015.77002,3055.209961,4170500,0,0
7/28/2020,3054.27002,3077.090088,2995.76001,3000.330078,3126700,0,0
7/29/2020,3030.98999,3039.159912,2996.77002,3033.530029,2974100,0,0
7/30/2020,3014,3092,3005,3051.879883,6128300,0,0
7/31/2020,3244,3246.820068,3151,3164.679932,8085500,0,0
8/3/2020,3180.51001,3184,3104,3111.889893,5074700,0,0
8/4/2020,3101.209961,3167.23999,3101.209961,3138.830078,4694300,0,0
8/5/2020,3143.77002,3213.590088,3127.300049,3205.030029,3916500,0,0
8/6/2020,3194.360107,3247.469971,3165.429932,3225,3940600,0,0
8/7/2020,3224.01001,3240.810059,3140.669922,3167.459961,3936100,0,0
8/10/2020,3170.310059,3172.51001,3101.52002,3148.159912,3167300,0,0
8/11/2020,3113.199951,3159.219971,3073,3080.669922,3718100,0,0
8/12/2020,3108,3174.389893,3101.419922,3162.23999,3522100,0,0
8/13/2020,3182.98999,3217.52002,3155,3161.02002,3149000,0,0
8/14/2020,3178.179932,3178.23999,3120,3148.02002,2751700,0,0
8/17/2020,3173.120117,3194.969971,3154.179932,3182.409912,2691200,0,0
8/18/2020,3212,3320,3205.820068,3312.48999,5346000,0,0
8/19/2020,3303.01001,3315.899902,3256,3260.47998,4185100,0,0
8/20/2020,3252,3312.620117,3238,3297.370117,3332500,0,0
8/21/2020,3295,3314.399902,3275.389893,3284.719971,3575900,0,0
8/24/2020,3310.149902,3380.320068,3257.560059,3307.459961,4666300,0,0
8/25/2020,3294.98999,3357.399902,3267,3346.48999,3992800,0,0
8/26/2020,3351.110107,3451.73999,3344.570068,3441.850098,6508700,0,0
8/27/2020,3450.050049,3453,3378,3400,4264800,0,0
8/28/2020,3423,3433.370117,3386.5,3401.800049,2897000,0,0
8/31/2020,3408.98999,3495,3405,3450.959961,4185900,0,0
9/1/2020,3489.580078,3513.870117,3467,3499.120117,3432200,0,0
9/2/2020,3547,3552.25,3486.689941,3531.449951,3931500,0,0
9/3/2020,3485,3488.409912,3303,3368,8161100,0,0
9/4/2020,3318,3381.5,3111.129883,3294.620117,8781800,0,0
9/8/2020,3144,3250.850098,3130,3149.840088,6094200,0,0
9/9/2020,3202.98999,3303.179932,3185,3268.610107,5188700,0,0
9/10/2020,3307.219971,3349.889893,3170.550049,3175.110107,5330700,0,0
9/11/2020,3208.689941,3217.340088,3083.97998,3116.219971,5094000,0,0
9/14/2020,3172.939941,3187.389893,3096,3102.969971,4529600,0,0
9/15/2020,3136.159912,3175.02002,3108.919922,3156.129883,4021500,0,0
9/16/2020,3179.98999,3187.23999,3074.149902,3078.100098,4512200,0,0
9/17/2020,3009.25,3029.429932,2972.550049,3008.72998,6449100,0,0
9/18/2020,3031.73999,3037.800049,2905.540039,2954.909912,8892600,0,0
9/21/2020,2906.5,2962,2871,2960.469971,6117900,0,0
9/22/2020,3033.840088,3133.98999,3000.199951,3128.98999,6948800,0,0
9/23/2020,3120.429932,3127,2992.379883,2999.860107,5652700,0,0
9/24/2020,2977.790039,3069.300049,2965,3019.790039,5529400,0,0
9/25/2020,3054.860107,3101.540039,2999,3095.129883,4615200,0,0
9/28/2020,3148.850098,3175.040039,3117.169922,3174.050049,4224200,0,0
9/29/2020,3175.389893,3188.26001,3132.540039,3144.879883,3495800,0,0
9/30/2020,3141.139893,3212.879883,3133.98999,3148.72998,4896100,0,0
10/1/2020,3208,3224,3172,3221.26001,4971900,0,0
10/2/2020,3153.629883,3195.800049,3123,3125,5613100,0,0
10/5/2020,3145.840088,3202.530029,3140.850098,3199.199951,3775300,0,0
10/6/2020,3165,3182,3090,3099.959961,5086900,0,0
10/7/2020,3135,3200,3132.389893,3195.689941,4309400,0,0
10/8/2020,3224.98999,3233.290039,3174.98999,3190.550049,3174100,0,0
10/9/2020,3210,3288.98999,3197.830078,3286.649902,4907900,0,0
10/12/2020,3349.939941,3496.23999,3339.550049,3442.929932,8364200,0,0
10/13/2020,3467.98999,3492.379883,3424.219971,3443.629883,5744700,0,0
10/14/2020,3447,3464.879883,3340,3363.709961,5812700,0,0
10/15/2020,3292.01001,3355.879883,3280,3338.649902,5223400,0,0
10/16/2020,3363.22998,3399.659912,3160,3272.709961,6474400,0,0
10/19/2020,3299.610107,3329,3192.73999,3207.209961,5223600,0,0
10/20/2020,3222.280029,3266,3192.01001,3217.01001,4509700,0,0
10/21/2020,3212.5,3233.879883,3160,3184.939941,4592700,0,0
10/22/2020,3189.870117,3198.75,3121.939941,3176.399902,4212000,0,0
10/23/2020,3191,3205.330078,3140,3204.399902,3466700,0,0
10/26/2020,3198.73999,3282.97998,3153.300049,3207.040039,5901200,0,0
10/27/2020,3224.939941,3291.659912,3211.300049,3286.330078,4291000,0,0
10/28/2020,3249.300049,3264.02002,3162.469971,3162.780029,5588300,0,0
10/29/2020,3201.27002,3257.25,3164,3211.01001,6596500,0,0
10/30/2020,3157.75,3167,3019,3036.149902,8386400,0,0
11/2/2020,3061.73999,3079.709961,2950.120117,3004.47998,7257400,0,0
11/3/2020,3018.530029,3074.899902,2980.97998,3048.409912,4897900,0,0
11/4/2020,3159.98999,3244.850098,3139.72998,3241.159912,6839000,0,0
11/5/2020,3319.969971,3366.800049,3288.879883,3322,5789300,0,0
11/6/2020,3304.639893,3322,3232,3311.370117,4647300,0,0
11/9/2020,3231.030029,3289,3112.110107,3143.73999,7190400,0,0
11/10/2020,3095.02002,3114,3019.47998,3035.02002,6591000,0,0
11/11/2020,3061.780029,3139.149902,3050,3137.389893,4366900,0,0
11/12/2020,3159.949951,3175.879883,3086.050049,3110.280029,4362000,0,0
11/13/2020,3122,3141.719971,3085.389893,3128.810059,3756200,0,0
11/16/2020,3093.199951,3142.699951,3072.689941,3131.060059,3808700,0,0
11/17/2020,3183.540039,3189.25,3135.26001,3135.659912,3444700,0,0
11/18/2020,3134,3140,3105.100098,3105.459961,2916800,0,0
11/19/2020,3105.310059,3125,3080.919922,3117.02002,3010300,0,0
11/20/2020,3117.02002,3132.889893,3098.050049,3099.399902,3374400,0,0
11/23/2020,3116.699951,3139.75,3065.459961,3098.389893,4708900,0,0
11/24/2020,3100.5,3134.25,3086.26001,3118.060059,3602100,0,0
11/25/2020,3141.870117,3198,3140.26001,3185.070068,3790400,0,0
11/27/2020,3211.26001,3216.189941,3190.050049,3195.340088,2392900,0,0
11/30/2020,3208.47998,3228.389893,3125.550049,3168.040039,4063900,0,0
12/1/2020,3188.5,3248.949951,3157.179932,3220.080078,4537000,0,0
12/2/2020,3221.649902,3232,3173.26001,3203.530029,3129300,0,0
12/3/2020,3205.459961,3228.639893,3181.310059,3186.72998,2892000,0,0
12/4/2020,3198.209961,3198.209961,3158.76001,3162.580078,2913600,0,0
12/7/2020,3156.47998,3180.76001,3141.689941,3158,2751300,0,0
12/8/2020,3158.899902,3184.129883,3120.02002,3177.290039,3286300,0,0
12/9/2020,3167.889893,3174.429932,3088,3104.199951,4100800,0,0
12/10/2020,3088.98999,3142.100098,3076,3101.48999,3030200,0,0
12/11/2020,3096.659912,3118.669922,3072.820068,3116.419922,3064700,0,0
12/14/2020,3143,3190.469971,3126,3156.969971,4155800,0,0
12/15/2020,3181.01001,3188.5,3130.48999,3165.120117,3319500,0,0
12/16/2020,3176.01001,3247,3163.679932,3240.959961,4427600,0,0
12/17/2020,3250,3263.51001,3221,3236.080078,3474300,0,0
12/18/2020,3243.98999,3249.419922,3171.600098,3201.649902,5995700,0,0
12/21/2020,3200.01001,3226.969971,3166,3206.179932,3836800,0,0
12/22/2020,3202.840088,3222,3180.080078,3206.52002,2369400,0,0
12/23/2020,3205,3210.129883,3184.169922,3185.27002,2093800,0,0
12/24/2020,3193.899902,3202,3169,3172.689941,1451900,0,0
12/28/2020,3194,3304,3172.689941,3283.959961,5686800,0,0
12/29/2020,3309.939941,3350.649902,3281.219971,3322,4872900,0,0
12/30/2020,3341,3342.100098,3282.469971,3285.850098,3209300,0,0
12/31/2020,3275,3282.919922,3241.199951,3256.929932,2957200,0,0
1/4/2021,3270,3272,3144.02002,3186.629883,4411400,0,0
1/5/2021,3166.01001,3223.379883,3165.060059,3218.51001,2655500,0,0
1/6/2021,3146.47998,3197.51001,3131.159912,3138.379883,4394800,0,0
1/7/2021,3157,3208.540039,3155,3162.159912,3514500,0,0
1/8/2021,3180,3190.639893,3142.199951,3182.699951,3537700,0,0
1/11/2021,3148.01001,3156.379883,3110,3114.209961,3683400,0,0
1/12/2021,3120,3142.139893,3086,3120.830078,3514600,0,0
1/13/2021,3128.439941,3189.949951,3122.080078,3165.889893,3321200,0,0
1/14/2021,3167.52002,3178,3120.590088,3127.469971,3070900,0,0
1/15/2021,3123.02002,3142.550049,3095.169922,3104.25,4244000,0,0
1/19/2021,3107,3145,3096,3120.76001,3305100,0,0
1/20/2021,3181.98999,3279.800049,3175,3263.379883,5309800,0,0
1/21/2021,3293,3348.550049,3289.570068,3306.98999,4936100,0,0
1/22/2021,3304.310059,3321.909912,3283.159912,3292.22998,2821900,0,0
1/25/2021,3328.5,3363.889893,3243.149902,3294,3749800,0,0
1/26/2021,3296.360107,3338,3282.870117,3326.129883,2955200,0,0
1/27/2021,3341.48999,3346.52002,3207.080078,3232.580078,4660200,0,0
1/28/2021,3235.040039,3301.679932,3228.689941,3237.620117,3149200,0,0
1/29/2021,3230,3236.98999,3184.550049,3206.199951,4293600,0,0
2/1/2021,3242.360107,3350.26001,3235.030029,3342.879883,4160200,0,0
2/2/2021,3380,3427.73999,3361.129883,3380,7098600,0,0
2/3/2021,3425.01001,3434,3308.620117,3312.530029,7088800,0,0
2/4/2021,3330,3347,3277.75,3331,3670700,0,0
2/5/2021,3319,3377,3302.709961,3352.149902,3620800,0,0
2/8/2021,3358.5,3365,3304,3322.939941,3257400,0,0
2/9/2021,3312.48999,3338,3297.840088,3305,2203500,0,0
2/10/2021,3314,3317.949951,3254,3286.580078,3151600,0,0
2/11/2021,3292,3292,3248.060059,3262.129883,2301400,0,0
2/12/2021,3250,3280.25,3233.310059,3277.709961,2335300,0,0
2/16/2021,3254.050049,3308.300049,3253.590088,3268.949951,2574700,0,0
2/17/2021,3263.600098,3320.909912,3259.5,3308.639893,3297500,0,0
2/18/2021,3282.419922,3338,3273.939941,3328.22998,3027400,0,0
2/19/2021,3328.22998,3333.5,3245.75,3249.899902,4305200,0,0
2/22/2021,3208.129883,3232.320068,3172.26001,3180.73999,3515700,0,0
2/23/2021,3127.030029,3204.72998,3093.600098,3194.5,4677200,0,0
2/24/2021,3166.75,3171.22998,3125.379883,3159.530029,3011300,0,0
2/25/2021,3136.73999,3178.26001,3047.76001,3057.159912,4533800,0,0
2/26/2021,3095.199951,3122.439941,3036.699951,3092.929932,4275900,0,0
3/1/2021,3127.889893,3149.560059,3097.98999,3146.139893,2729100,0,0
3/2/2021,3143.469971,3163.52002,3087.120117,3094.530029,2595800,0,0
3/3/2021,3081.179932,3107.780029,2995,3005,3988700,0,0
3/4/2021,3012,3058.129883,2945.429932,2977.570068,5481600,0,0
3/5/2021,3005,3009,2881,3000.459961,5388600,0,0
3/8/2021,3015,3064.590088,2951.310059,2951.949951,4185000,0,0
3/9/2021,3017.98999,3090.959961,3005.149902,3062.850098,4030000,0,0
3/10/2021,3098.449951,3116.459961,3030.050049,3057.639893,3012500,0,0
3/11/2021,3104.01001,3131.780029,3082.929932,3113.590088,2776400,0,0
3/12/2021,3075,3098.97998,3045.5,3089.48999,2421900,0,0
3/15/2021,3074.570068,3082.23999,3032.090088,3081.679932,2913600,0,0
3/16/2021,3104.969971,3128.909912,3075.860107,3091.860107,2538800,0,0
3/17/2021,3073.219971,3173.050049,3070.219971,3135.72998,3118600,0,0
3/18/2021,3101,3116.629883,3025,3027.98999,3649600,0,0
3/19/2021,3029.22998,3077.290039,3016.629883,3074.959961,4625400,0,0
3/22/2021,3067.850098,3126.580078,3060.050049,3110.870117,2902200,0,0
3/23/2021,3127,3182,3120.850098,3137.5,3817300,0,0
3/24/2021,3151.040039,3160.310059,3085.149902,3087.070068,2959000,0,0
3/25/2021,3072.98999,3109.780029,3037.139893,3046.26001,3563500,0,0
3/26/2021,3044.060059,3056.659912,2996,3052.030029,3312900,0,0
3/29/2021,3055.439941,3091.25,3028.449951,3075.72998,2746000,0,0
3/30/2021,3070.01001,3073,3034,3055.290039,2337600,0,0
3/31/2021,3064.060059,3119.330078,3062.5,3094.080078,3093900,0,0
4/1/2021,3117.939941,3162.439941,3115.550049,3161,2940300,0,0
4/5/2021,3173,3235.959961,3161.23999,3226.72998,3334900,0,0
4/6/2021,3223.75,3247.310059,3217.040039,3223.820068,2537800,0,0
4/7/2021,3233.800049,3303.610107,3223.649902,3279.389893,3346200,0,0
4/8/2021,3310.899902,3324.5,3292,3299.300049,2812100,0,0
4/9/2021,3304.699951,3372.199951,3288.899902,3372.199951,4341500,0,0
4/12/2021,3355.209961,3395.040039,3351.149902,3379.389893,3281800,0,0
4/13/2021,3400.850098,3432,3395.629883,3400,3315800,0,0
4/14/2021,3404.040039,3404.129883,3326,3333,3145200,0,0
4/15/2021,3371,3397,3352,3379.090088,3233600,0,0
4/16/2021,3380,3406.800049,3355.590088,3399.439941,3186000,0,0
4/19/2021,3390.330078,3435.929932,3360.159912,3372.01001,2725400,0,0
4/20/2021,3373.600098,3382.98999,3316,3334.689941,2623000,0,0
4/21/2021,3316,3362.860107,3303.810059,3362.02002,2211200,0,0
4/22/2021,3371.679932,3372.870117,3301.449951,3309.040039,2580600,0,0
4/23/2021,3319.100098,3375,3308.5,3340.879883,3192800,0,0
4/26/2021,3348,3428.449951,3330.939941,3409,4880700,0,0
4/27/2021,3443.469971,3460,3398.01001,3417.429932,3827100,0,0
4/28/2021,3434.800049,3489.879883,3425,3458.5,4631900,0,0
4/29/2021,3505.100098,3514.449951,3435,3471.310059,7682400,0,0
4/30/2021,3525.120117,3554,3462.5,3467.419922,7009300,0,0
5/3/2021,3484.72998,3486.649902,3372.699951,3386.48999,5875500,0,0
5/4/2021,3356.189941,3367.97998,3272.129883,3311.870117,5439400,0,0
5/5/2021,3338.860107,3354.699951,3264.360107,3270.540039,3711300,0,0
5/6/2021,3270,3314.399902,3247.199951,3306.370117,4447700,0,0
5/7/2021,3319.090088,3330.889893,3289.070068,3291.610107,4710300,0,0
5/10/2021,3282.320068,3283,3190,3190.48999,5838600,0,0
5/11/2021,3136.280029,3238,3127.370117,3223.909912,4619800,0,0
5/12/2021,3185,3207.939941,3133.100098,3151.939941,4936400,0,0
5/13/2021,3185.469971,3203.840088,3133,3161.469971,3350900,0,0
5/14/2021,3185.560059,3228.860107,3183,3222.899902,3325000,0,0
5/17/2021,3245.929932,3292.75,3234.590088,3270.389893,3723900,0,0
5/18/2021,3292.580078,3312,3230.370117,3232.280029,2828400,0,0
5/19/2021,3195,3234.75,3184,3231.800049,2679700,0,0
5/20/2021,3244.399902,3259.679932,3236.179932,3247.679932,2633200,0,0
5/21/2021,3250,3256.689941,3197.01001,3203.080078,4104900,0,0
5/24/2021,3215.5,3257.949951,3210.5,3244.98999,2422800,0,0
5/25/2021,3266.669922,3279.820068,3213.76001,3259.050049,3261100,0,0
5/26/2021,3274.590088,3295.72998,3258.51001,3265.159912,2384000,0,0
5/27/2021,3256,3260.360107,3230.040039,3230.110107,2561200,0,0
5/28/2021,3242,3247.98999,3219.699951,3223.070068,2329800,0,0
6/1/2021,3243.5,3250.97998,3209.060059,3218.649902,2430000,0,0
6/2/2021,3223.100098,3235,3208,3233.98999,2014500,0,0
6/3/2021,3204.22998,3214.439941,3184.030029,3187.01001,2398300,0,0
6/4/2021,3212,3221,3198.810059,3206.219971,2249700,0,0
6/7/2021,3197.330078,3208,3172.199951,3198.01001,2215800,0,0
6/8/2021,3222.610107,3279.530029,3218.01001,3264.110107,3416700,0,0
6/9/2021,3272.870117,3297.580078,3270.699951,3281.149902,2455500,0,0
6/10/2021,3282.01001,3351,3281.149902,3349.649902,3476500,0,0
6/11/2021,3349.649902,3366.580078,3333.449951,3346.830078,2817400,0,0
6/14/2021,3346.830078,3385,3335.5,3383.870117,2569700,0,0
6/15/2021,3384,3396.98999,3363.110107,3383.129883,2426200,0,0
6/16/2021,3392,3426.350098,3360.530029,3415.25,4202800,0,0
6/17/2021,3403.179932,3497.199951,3401,3489.23999,5136500,0,0
6/18/2021,3479.98999,3507,3473.709961,3486.899902,5247700,0,0
6/21/2021,3476.419922,3482,3434,3453.959961,3277100,0,0
6/22/2021,3458.060059,3523.780029,3456.090088,3505.439941,3345100,0,0
6/23/2021,3505,3521,3483.199951,3503.820068,2813300,0,0
6/24/2021,3507.639893,3524.860107,3430.850098,3449.080078,3832000,0,0
6/25/2021,3464,3464.820068,3394.179932,3401.459961,3941000,0,0
6/28/2021,3416,3448,3413.51001,3443.889893,2242800,0,0
6/29/2021,3438.820068,3456.030029,3423.030029,3448.139893,2098400,0,0
6/30/2021,3441.060059,3471.600098,3435,3440.159912,2404000,0,0
